[{"model": "admin.logentry", "pk": 1, "fields": {"action_time": "2024-10-16T22:32:18.085Z", "user": 2, "content_type": 7, "object_id": "1", "object_repr": "Happiness by John Lennon", "action_flag": 1, "change_message": "[{\"added\": {}}]"}}, {"model": "admin.logentry", "pk": 2, "fields": {"action_time": "2024-10-16T22:32:51.491Z", "user": 2, "content_type": 7, "object_id": "2", "object_repr": "Love by John Lennon", "action_flag": 1, "change_message": "[{\"added\": {}}]"}}, {"model": "admin.logentry", "pk": 3, "fields": {"action_time": "2024-10-16T22:33:08.205Z", "user": 2, "content_type": 7, "object_id": "3", "object_repr": "Drugs by John Lennon", "action_flag": 1, "change_message": "[{\"added\": {}}]"}}, {"model": "admin.logentry", "pk": 4, "fields": {"action_time": "2024-10-16T22:33:29.669Z", "user": 2, "content_type": 7, "object_id": "1", "object_repr": "Happiness by John Lennon", "action_flag": 2, "change_message": "[{\"changed\": {\"fields\": [\"Image url\"]}}]"}}, {"model": "admin.logentry", "pk": 5, "fields": {"action_time": "2024-10-16T22:33:39.192Z", "user": 2, "content_type": 7, "object_id": "2", "object_repr": "Love by John Lennon", "action_flag": 2, "change_message": "[{\"changed\": {\"fields\": [\"Image url\"]}}]"}}, {"model": "admin.logentry", "pk": 6, "fields": {"action_time": "2024-10-16T22:33:56.061Z", "user": 2, "content_type": 7, "object_id": "3", "object_repr": "Drugs by John Lennon", "action_flag": 2, "change_message": "[{\"changed\": {\"fields\": [\"Image url\"]}}]"}}, {"model": "admin.logentry", "pk": 7, "fields": {"action_time": "2024-10-16T23:21:01.263Z", "user": 2, "content_type": 9, "object_id": "1", "object_repr": "I love this story!", "action_flag": 1, "change_message": "[{\"added\": {}}]"}}, {"model": "admin.logentry", "pk": 8, "fields": {"action_time": "2024-10-16T23:21:22.851Z", "user": 2, "content_type": 9, "object_id": "2", "object_repr": "Simple and Beautiful", "action_flag": 1, "change_message": "[{\"added\": {}}]"}}, {"model": "admin.logentry", "pk": 9, "fields": {"action_time": "2024-10-16T23:21:40.490Z", "user": 2, "content_type": 9, "object_id": "3", "object_repr": "We need to rethink how we teach small children about life.", "action_flag": 1, "change_message": "[{\"added\": {}}]"}}, {"model": "admin.logentry", "pk": 10, "fields": {"action_time": "2024-10-17T15:24:55.714Z", "user": 2, "content_type": 7, "object_id": "3", "object_repr": "Drugs by John Lennon", "action_flag": 2, "change_message": "[]"}}, {"model": "admin.logentry", "pk": 11, "fields": {"action_time": "2024-10-17T15:25:05.509Z", "user": 2, "content_type": 7, "object_id": "3", "object_repr": "Drugs by John Lennon", "action_flag": 2, "change_message": "[{\"changed\": {\"fields\": [\"Image file\"]}}]"}}, {"model": "admin.logentry", "pk": 12, "fields": {"action_time": "2024-10-17T15:25:17.272Z", "user": 2, "content_type": 7, "object_id": "2", "object_repr": "Love by John Lennon", "action_flag": 2, "change_message": "[{\"changed\": {\"fields\": [\"Image file\"]}}]"}}, {"model": "admin.logentry", "pk": 13, "fields": {"action_time": "2024-10-17T15:25:25.285Z", "user": 2, "content_type": 7, "object_id": "1", "object_repr": "Happiness by John Lennon", "action_flag": 2, "change_message": "[{\"changed\": {\"fields\": [\"Image file\"]}}]"}}, {"model": "admin.logentry", "pk": 14, "fields": {"action_time": "2024-10-17T15:44:11.835Z", "user": 2, "content_type": 7, "object_id": "2", "object_repr": "Love by John Lennon", "action_flag": 2, "change_message": "[]"}}, {"model": "admin.logentry", "pk": 15, "fields": {"action_time": "2024-10-17T15:52:52.344Z", "user": 2, "content_type": 7, "object_id": "1", "object_repr": "Happiness by John Lennon", "action_flag": 2, "change_message": "[]"}}, {"model": "admin.logentry", "pk": 16, "fields": {"action_time": "2024-10-17T15:52:58.850Z", "user": 2, "content_type": 7, "object_id": "2", "object_repr": "Love by John Lennon", "action_flag": 2, "change_message": "[]"}}, {"model": "admin.logentry", "pk": 17, "fields": {"action_time": "2024-10-17T16:09:38.606Z", "user": 2, "content_type": 7, "object_id": "3", "object_repr": "Drugs by John Lennon", "action_flag": 2, "change_message": "[]"}}, {"model": "admin.logentry", "pk": 18, "fields": {"action_time": "2024-10-17T16:09:44.346Z", "user": 2, "content_type": 7, "object_id": "1", "object_repr": "Happiness by John Lennon", "action_flag": 2, "change_message": "[]"}}, {"model": "admin.logentry", "pk": 19, "fields": {"action_time": "2024-10-17T16:10:09.571Z", "user": 2, "content_type": 7, "object_id": "3", "object_repr": "Drugs by John Lennon", "action_flag": 2, "change_message": "[{\"changed\": {\"fields\": [\"Image file\"]}}]"}}, {"model": "admin.logentry", "pk": 20, "fields": {"action_time": "2024-10-17T16:10:16.407Z", "user": 2, "content_type": 7, "object_id": "3", "object_repr": "Drugs by John Lennon", "action_flag": 2, "change_message": "[{\"changed\": {\"fields\": [\"Image file\"]}}]"}}, {"model": "admin.logentry", "pk": 21, "fields": {"action_time": "2024-10-22T16:17:18.319Z", "user": 2, "content_type": 7, "object_id": "4", "object_repr": "ttt by skdf", "action_flag": 2, "change_message": "[]"}}, {"model": "admin.logentry", "pk": 22, "fields": {"action_time": "2024-10-22T16:17:22.060Z", "user": 2, "content_type": 7, "object_id": "3", "object_repr": "Drugs by John Lennon", "action_flag": 2, "change_message": "[]"}}, {"model": "admin.logentry", "pk": 23, "fields": {"action_time": "2024-10-22T17:51:18.748Z", "user": 2, "content_type": 7, "object_id": "8", "object_repr": "ttt by skdf", "action_flag": 3, "change_message": ""}}, {"model": "admin.logentry", "pk": 24, "fields": {"action_time": "2024-10-22T17:51:18.755Z", "user": 2, "content_type": 7, "object_id": "7", "object_repr": "ttt by skdf", "action_flag": 3, "change_message": ""}}, {"model": "admin.logentry", "pk": 25, "fields": {"action_time": "2024-10-22T17:51:18.758Z", "user": 2, "content_type": 7, "object_id": "6", "object_repr": "ttt by skdf", "action_flag": 3, "change_message": ""}}, {"model": "admin.logentry", "pk": 26, "fields": {"action_time": "2024-10-22T17:51:18.760Z", "user": 2, "content_type": 7, "object_id": "4", "object_repr": "ttt by skdf", "action_flag": 3, "change_message": ""}}, {"model": "admin.logentry", "pk": 27, "fields": {"action_time": "2024-10-22T18:12:27.476Z", "user": 2, "content_type": 10, "object_id": "1", "object_repr": "Viggo Mortensen", "action_flag": 1, "change_message": "[{\"added\": {}}]"}}, {"model": "admin.logentry", "pk": 28, "fields": {"action_time": "2024-10-22T18:12:33.646Z", "user": 2, "content_type": 10, "object_id": "1", "object_repr": "Viggo Mortensen", "action_flag": 2, "change_message": "[]"}}, {"model": "admin.logentry", "pk": 29, "fields": {"action_time": "2024-10-22T18:13:45.139Z", "user": 2, "content_type": 10, "object_id": "2", "object_repr": "Sam Neil", "action_flag": 1, "change_message": "[{\"added\": {}}]"}}, {"model": "admin.logentry", "pk": 30, "fields": {"action_time": "2024-10-22T18:16:11.976Z", "user": 2, "content_type": 10, "object_id": "3", "object_repr": "Gary Oldman", "action_flag": 1, "change_message": "[{\"added\": {}}]"}}, {"model": "admin.logentry", "pk": 31, "fields": {"action_time": "2024-10-22T18:16:18.908Z", "user": 2, "content_type": 10, "object_id": "2", "object_repr": "Sam Neil", "action_flag": 2, "change_message": "[{\"changed\": {\"fields\": [\"City\"]}}]"}}, {"model": "admin.logentry", "pk": 32, "fields": {"action_time": "2024-10-22T18:18:00.246Z", "user": 2, "content_type": 10, "object_id": "4", "object_repr": "Bill Nighy", "action_flag": 1, "change_message": "[{\"added\": {}}]"}}, {"model": "admin.logentry", "pk": 33, "fields": {"action_time": "2024-10-22T18:18:56.125Z", "user": 2, "content_type": 10, "object_id": "5", "object_repr": "Christopher Waltz", "action_flag": 1, "change_message": "[{\"added\": {}}]"}}, {"model": "admin.logentry", "pk": 34, "fields": {"action_time": "2024-10-22T18:21:58.842Z", "user": 2, "content_type": 7, "object_id": "5", "object_repr": "ttt by skdf", "action_flag": 3, "change_message": ""}}, {"model": "admin.logentry", "pk": 35, "fields": {"action_time": "2024-10-22T19:22:55.623Z", "user": 2, "content_type": 10, "object_id": "5", "object_repr": "Christopher Waltz", "action_flag": 2, "change_message": "[]"}}, {"model": "admin.logentry", "pk": 36, "fields": {"action_time": "2024-10-22T19:23:10.974Z", "user": 2, "content_type": 10, "object_id": "1", "object_repr": "Viggo Mortensen", "action_flag": 2, "change_message": "[]"}}, {"model": "admin.logentry", "pk": 37, "fields": {"action_time": "2024-10-23T01:39:02.148Z", "user": 2, "content_type": 11, "object_id": "1", "object_repr": "The Lord of the Rings: The Fellowship of the Ring; 2024-12-19 01:38:26+00:00", "action_flag": 1, "change_message": "[{\"added\": {}}]"}}, {"model": "admin.logentry", "pk": 38, "fields": {"action_time": "2024-10-23T01:39:42.194Z", "user": 2, "content_type": 11, "object_id": "2", "object_repr": "Thirteen Lives; 2022-07-29 01:39:31+00:00", "action_flag": 1, "change_message": "[{\"added\": {}}]"}}, {"model": "admin.logentry", "pk": 39, "fields": {"action_time": "2024-10-23T01:40:14.819Z", "user": 2, "content_type": 11, "object_id": "3", "object_repr": "Green Book; 2018-09-11 01:40:07+00:00", "action_flag": 1, "change_message": "[{\"added\": {}}]"}}, {"model": "admin.logentry", "pk": 40, "fields": {"action_time": "2024-10-23T01:40:47.214Z", "user": 2, "content_type": 11, "object_id": "4", "object_repr": "Jurassic Park; 1993-06-11 01:40:36+00:00", "action_flag": 1, "change_message": "[{\"added\": {}}]"}}, {"model": "admin.logentry", "pk": 41, "fields": {"action_time": "2024-10-23T01:41:22.168Z", "user": 2, "content_type": 11, "object_id": "5", "object_repr": "Jurassic World Dominion; 2022-06-10 01:41:07+00:00", "action_flag": 1, "change_message": "[{\"added\": {}}]"}}, {"model": "admin.logentry", "pk": 42, "fields": {"action_time": "2024-10-23T01:41:58.704Z", "user": 2, "content_type": 11, "object_id": "6", "object_repr": "Harry Potter and the Prisoner of Azkaban; 2004-06-04 01:41:45+00:00", "action_flag": 1, "change_message": "[{\"added\": {}}]"}}, {"model": "admin.logentry", "pk": 43, "fields": {"action_time": "2024-10-23T01:42:22.782Z", "user": 2, "content_type": 11, "object_id": "7", "object_repr": "The Dark Knight; 2008-07-18 01:42:16+00:00", "action_flag": 1, "change_message": "[{\"added\": {}}]"}}, {"model": "admin.logentry", "pk": 44, "fields": {"action_time": "2024-10-23T01:42:46.513Z", "user": 2, "content_type": 11, "object_id": "8", "object_repr": "Darkest Hour; 2018-01-12 01:42:40+00:00", "action_flag": 1, "change_message": "[{\"added\": {}}]"}}, {"model": "admin.logentry", "pk": 45, "fields": {"action_time": "2024-10-23T01:43:52.859Z", "user": 2, "content_type": 11, "object_id": "9", "object_repr": "Pirates of the Caribbean: Dead Man's Chest; 2006-06-24 01:43:37+00:00", "action_flag": 1, "change_message": "[{\"added\": {}}]"}}, {"model": "admin.logentry", "pk": 46, "fields": {"action_time": "2024-10-23T01:44:43.858Z", "user": 2, "content_type": 11, "object_id": "10", "object_repr": "Inglourious Basterds; 2009-08-21 01:44:24+00:00", "action_flag": 1, "change_message": "[{\"added\": {}}]"}}, {"model": "admin.logentry", "pk": 47, "fields": {"action_time": "2024-10-23T01:45:09.069Z", "user": 2, "content_type": 11, "object_id": "11", "object_repr": "Django Unchained; 2012-12-25 01:44:59+00:00", "action_flag": 1, "change_message": "[{\"added\": {}}]"}}, {"model": "admin.logentry", "pk": 48, "fields": {"action_time": "2024-10-23T02:14:07.444Z", "user": 2, "content_type": 11, "object_id": "1", "object_repr": "The Lord of the Rings: The Fellowship of the Ring; 2001-12-19 01:38:26+00:00", "action_flag": 2, "change_message": "[{\"changed\": {\"fields\": [\"Timestamp\"]}}]"}}, {"model": "admin.logentry", "pk": 49, "fields": {"action_time": "2024-10-23T02:59:39.379Z", "user": 2, "content_type": 7, "object_id": "2", "object_repr": "Love by John Lennon", "action_flag": 2, "change_message": "[{\"changed\": {\"fields\": [\"Image file\"]}}]"}}, {"model": "admin.logentry", "pk": 50, "fields": {"action_time": "2024-10-23T02:59:51.180Z", "user": 2, "content_type": 7, "object_id": "2", "object_repr": "Love by John Lennon", "action_flag": 2, "change_message": "[{\"changed\": {\"fields\": [\"Image file\"]}}]"}}, {"model": "admin.logentry", "pk": 51, "fields": {"action_time": "2024-10-23T03:01:10.303Z", "user": 2, "content_type": 7, "object_id": "2", "object_repr": "Love by John Lennon", "action_flag": 2, "change_message": "[{\"changed\": {\"fields\": [\"Image file\"]}}]"}}, {"model": "admin.logentry", "pk": 52, "fields": {"action_time": "2024-10-23T03:01:14.347Z", "user": 2, "content_type": 7, "object_id": "2", "object_repr": "Love by John Lennon", "action_flag": 2, "change_message": "[]"}}, {"model": "admin.logentry", "pk": 53, "fields": {"action_time": "2024-10-23T03:01:18.255Z", "user": 2, "content_type": 7, "object_id": "1", "object_repr": "Happiness by John Lennon", "action_flag": 2, "change_message": "[]"}}, {"model": "admin.logentry", "pk": 54, "fields": {"action_time": "2024-10-23T03:01:26.027Z", "user": 2, "content_type": 7, "object_id": "2", "object_repr": "Love by John Lennon", "action_flag": 2, "change_message": "[{\"changed\": {\"fields\": [\"Image file\"]}}]"}}, {"model": "admin.logentry", "pk": 55, "fields": {"action_time": "2024-10-23T14:30:02.891Z", "user": 2, "content_type": 10, "object_id": "8", "object_repr": "Emma Watson", "action_flag": 3, "change_message": ""}}, {"model": "admin.logentry", "pk": 56, "fields": {"action_time": "2024-10-23T14:30:02.893Z", "user": 2, "content_type": 10, "object_id": "7", "object_repr": "Emma Watson", "action_flag": 3, "change_message": ""}}, {"model": "admin.logentry", "pk": 57, "fields": {"action_time": "2024-10-23T19:38:12.697Z", "user": 2, "content_type": 12, "object_id": "1", "object_repr": "Image object (1)", "action_flag": 1, "change_message": "[{\"added\": {}}]"}}, {"model": "admin.logentry", "pk": 58, "fields": {"action_time": "2024-10-23T19:38:24.026Z", "user": 2, "content_type": 12, "object_id": "1", "object_repr": "Image object (1)", "action_flag": 2, "change_message": "[]"}}, {"model": "admin.logentry", "pk": 59, "fields": {"action_time": "2024-10-23T19:38:36.575Z", "user": 2, "content_type": 12, "object_id": "2", "object_repr": "Image object (2)", "action_flag": 1, "change_message": "[{\"added\": {}}]"}}, {"model": "admin.logentry", "pk": 60, "fields": {"action_time": "2024-10-23T19:38:55.298Z", "user": 2, "content_type": 12, "object_id": "3", "object_repr": "Image object (3)", "action_flag": 1, "change_message": "[{\"added\": {}}]"}}, {"model": "admin.logentry", "pk": 61, "fields": {"action_time": "2024-10-23T23:07:18.345Z", "user": 2, "content_type": 12, "object_id": "10", "object_repr": "Image object (10)", "action_flag": 3, "change_message": ""}}, {"model": "admin.logentry", "pk": 62, "fields": {"action_time": "2024-10-23T23:07:18.350Z", "user": 2, "content_type": 12, "object_id": "9", "object_repr": "Image object (9)", "action_flag": 3, "change_message": ""}}, {"model": "admin.logentry", "pk": 63, "fields": {"action_time": "2024-10-23T23:07:18.352Z", "user": 2, "content_type": 12, "object_id": "8", "object_repr": "Image object (8)", "action_flag": 3, "change_message": ""}}, {"model": "admin.logentry", "pk": 64, "fields": {"action_time": "2024-10-23T23:07:18.354Z", "user": 2, "content_type": 12, "object_id": "7", "object_repr": "Image object (7)", "action_flag": 3, "change_message": ""}}, {"model": "admin.logentry", "pk": 65, "fields": {"action_time": "2024-10-23T23:07:18.356Z", "user": 2, "content_type": 12, "object_id": "6", "object_repr": "Image object (6)", "action_flag": 3, "change_message": ""}}, {"model": "admin.logentry", "pk": 66, "fields": {"action_time": "2024-10-23T23:07:18.358Z", "user": 2, "content_type": 12, "object_id": "5", "object_repr": "Image object (5)", "action_flag": 3, "change_message": ""}}, {"model": "admin.logentry", "pk": 67, "fields": {"action_time": "2024-10-23T23:07:18.360Z", "user": 2, "content_type": 12, "object_id": "4", "object_repr": "Image object (4)", "action_flag": 3, "change_message": ""}}, {"model": "admin.logentry", "pk": 68, "fields": {"action_time": "2024-10-23T23:07:34.103Z", "user": 2, "content_type": 11, "object_id": "18", "object_repr": "The Two Towers; 2002-12-18 09:55:00+00:00", "action_flag": 3, "change_message": ""}}, {"model": "admin.logentry", "pk": 69, "fields": {"action_time": "2024-10-23T23:07:34.105Z", "user": 2, "content_type": 11, "object_id": "17", "object_repr": "The Two Towers; 2002-12-18 09:55:00+00:00", "action_flag": 3, "change_message": ""}}, {"model": "admin.logentry", "pk": 70, "fields": {"action_time": "2024-10-23T23:07:34.108Z", "user": 2, "content_type": 11, "object_id": "16", "object_repr": "The Two Towers; 2002-12-18 09:55:00+00:00", "action_flag": 3, "change_message": ""}}, {"model": "admin.logentry", "pk": 71, "fields": {"action_time": "2024-10-23T23:08:13.922Z", "user": 2, "content_type": 11, "object_id": "15", "object_repr": "The Two Towers; 2002-12-18 09:55:00+00:00", "action_flag": 3, "change_message": ""}}, {"model": "admin.logentry", "pk": 72, "fields": {"action_time": "2024-10-23T23:09:49.730Z", "user": 2, "content_type": 11, "object_id": "19", "object_repr": "The Two Towers; 2002-12-18 09:55:00+00:00", "action_flag": 3, "change_message": ""}}, {"model": "admin.logentry", "pk": 73, "fields": {"action_time": "2024-10-23T23:15:26.993Z", "user": 2, "content_type": 11, "object_id": "20", "object_repr": "The Two Towers; 2002-12-18 09:55:00+00:00", "action_flag": 2, "change_message": "[]"}}, {"model": "admin.logentry", "pk": 74, "fields": {"action_time": "2024-10-23T23:16:00.453Z", "user": 2, "content_type": 12, "object_id": "15", "object_repr": "Image object (15)", "action_flag": 2, "change_message": "[]"}}, {"model": "admin.logentry", "pk": 75, "fields": {"action_time": "2024-10-23T23:16:09.181Z", "user": 2, "content_type": 12, "object_id": "15", "object_repr": "Image object (15)", "action_flag": 3, "change_message": ""}}, {"model": "admin.logentry", "pk": 76, "fields": {"action_time": "2024-10-23T23:16:09.184Z", "user": 2, "content_type": 12, "object_id": "14", "object_repr": "Image object (14)", "action_flag": 3, "change_message": ""}}, {"model": "admin.logentry", "pk": 77, "fields": {"action_time": "2024-10-23T23:16:09.187Z", "user": 2, "content_type": 12, "object_id": "13", "object_repr": "Image object (13)", "action_flag": 3, "change_message": ""}}, {"model": "admin.logentry", "pk": 78, "fields": {"action_time": "2024-10-23T23:16:09.189Z", "user": 2, "content_type": 12, "object_id": "12", "object_repr": "Image object (12)", "action_flag": 3, "change_message": ""}}, {"model": "admin.logentry", "pk": 79, "fields": {"action_time": "2024-10-23T23:16:09.190Z", "user": 2, "content_type": 12, "object_id": "11", "object_repr": "Image object (11)", "action_flag": 3, "change_message": ""}}, {"model": "admin.logentry", "pk": 80, "fields": {"action_time": "2024-10-23T23:16:15.537Z", "user": 2, "content_type": 11, "object_id": "20", "object_repr": "The Two Towers; 2002-12-18 09:55:00+00:00", "action_flag": 3, "change_message": ""}}, {"model": "admin.logentry", "pk": 81, "fields": {"action_time": "2024-10-23T23:24:58.728Z", "user": 2, "content_type": 12, "object_id": "22", "object_repr": "Image object (22)", "action_flag": 3, "change_message": ""}}, {"model": "admin.logentry", "pk": 82, "fields": {"action_time": "2024-10-23T23:24:58.731Z", "user": 2, "content_type": 12, "object_id": "21", "object_repr": "Image object (21)", "action_flag": 3, "change_message": ""}}, {"model": "admin.logentry", "pk": 83, "fields": {"action_time": "2024-10-23T23:24:58.734Z", "user": 2, "content_type": 12, "object_id": "20", "object_repr": "Image object (20)", "action_flag": 3, "change_message": ""}}, {"model": "admin.logentry", "pk": 84, "fields": {"action_time": "2024-10-23T23:24:58.736Z", "user": 2, "content_type": 12, "object_id": "19", "object_repr": "Image object (19)", "action_flag": 3, "change_message": ""}}, {"model": "admin.logentry", "pk": 85, "fields": {"action_time": "2024-10-23T23:24:58.738Z", "user": 2, "content_type": 12, "object_id": "18", "object_repr": "Image object (18)", "action_flag": 3, "change_message": ""}}, {"model": "admin.logentry", "pk": 86, "fields": {"action_time": "2024-10-23T23:24:58.740Z", "user": 2, "content_type": 12, "object_id": "17", "object_repr": "Image object (17)", "action_flag": 3, "change_message": ""}}, {"model": "admin.logentry", "pk": 87, "fields": {"action_time": "2024-10-23T23:24:58.742Z", "user": 2, "content_type": 12, "object_id": "16", "object_repr": "Image object (16)", "action_flag": 3, "change_message": ""}}, {"model": "admin.logentry", "pk": 88, "fields": {"action_time": "2024-10-23T23:25:06.462Z", "user": 2, "content_type": 11, "object_id": "22", "object_repr": "my bday; 2024-07-10 03:40:00+00:00", "action_flag": 3, "change_message": ""}}, {"model": "admin.logentry", "pk": 89, "fields": {"action_time": "2024-10-23T23:25:06.465Z", "user": 2, "content_type": 11, "object_id": "21", "object_repr": "The Two Towers; 2002-12-18 10:10:00+00:00", "action_flag": 3, "change_message": ""}}, {"model": "admin.logentry", "pk": 90, "fields": {"action_time": "2024-10-23T23:33:36.930Z", "user": 2, "content_type": 11, "object_id": "23", "object_repr": "The Two Towers; 2002-12-18 12:00:00+00:00", "action_flag": 3, "change_message": ""}}, {"model": "admin.logentry", "pk": 91, "fields": {"action_time": "2024-10-23T23:33:45.669Z", "user": 2, "content_type": 12, "object_id": "25", "object_repr": "Image object (25)", "action_flag": 3, "change_message": ""}}, {"model": "admin.logentry", "pk": 92, "fields": {"action_time": "2024-10-23T23:33:45.671Z", "user": 2, "content_type": 12, "object_id": "24", "object_repr": "Image object (24)", "action_flag": 3, "change_message": ""}}, {"model": "admin.logentry", "pk": 93, "fields": {"action_time": "2024-10-23T23:33:45.674Z", "user": 2, "content_type": 12, "object_id": "23", "object_repr": "Image object (23)", "action_flag": 3, "change_message": ""}}, {"model": "admin.logentry", "pk": 94, "fields": {"action_time": "2024-10-28T19:51:20.397Z", "user": 2, "content_type": 13, "object_id": "1", "object_repr": "Sam Neil & Christopher Waltz", "action_flag": 1, "change_message": "[{\"added\": {}}]"}}, {"model": "admin.logentry", "pk": 95, "fields": {"action_time": "2024-10-28T19:51:34.664Z", "user": 2, "content_type": 13, "object_id": "2", "object_repr": "Gary Oldman & Emma Watson", "action_flag": 1, "change_message": "[{\"added\": {}}]"}}, {"model": "admin.logentry", "pk": 96, "fields": {"action_time": "2024-10-29T23:34:42.780Z", "user": 2, "content_type": 11, "object_id": "13", "object_repr": "Little Women; 2019-12-15 09:00:30+00:00", "action_flag": 2, "change_message": "[{\"changed\": {\"fields\": [\"Timestamp\", \"Message\"]}}]"}}, {"model": "admin.logentry", "pk": 97, "fields": {"action_time": "2024-11-06T23:50:18.664Z", "user": 2, "content_type": 4, "object_id": "3", "object_repr": "jl1940", "action_flag": 1, "change_message": "[{\"added\": {}}]"}}, {"model": "admin.logentry", "pk": 98, "fields": {"action_time": "2024-11-06T23:50:51.335Z", "user": 2, "content_type": 4, "object_id": "3", "object_repr": "jl1940", "action_flag": 2, "change_message": "[]"}}, {"model": "admin.logentry", "pk": 99, "fields": {"action_time": "2024-11-07T00:07:51.063Z", "user": 2, "content_type": 4, "object_id": "3", "object_repr": "jl1940", "action_flag": 2, "change_message": "[]"}}, {"model": "admin.logentry", "pk": 100, "fields": {"action_time": "2024-11-07T01:01:30.427Z", "user": 2, "content_type": 4, "object_id": "4", "object_repr": "test007", "action_flag": 1, "change_message": "[{\"added\": {}}]"}}, {"model": "admin.logentry", "pk": 101, "fields": {"action_time": "2024-11-07T01:01:35.040Z", "user": 2, "content_type": 4, "object_id": "4", "object_repr": "test007", "action_flag": 2, "change_message": "[]"}}, {"model": "admin.logentry", "pk": 102, "fields": {"action_time": "2024-11-07T01:48:36.122Z", "user": 2, "content_type": 4, "object_id": "4", "object_repr": "test007", "action_flag": 2, "change_message": "[]"}}, {"model": "admin.logentry", "pk": 103, "fields": {"action_time": "2024-11-07T01:49:27.629Z", "user": 2, "content_type": 10, "object_id": "4", "object_repr": "Bill Nighy", "action_flag": 2, "change_message": "[{\"changed\": {\"fields\": [\"User\"]}}]"}}, {"model": "admin.logentry", "pk": 104, "fields": {"action_time": "2024-11-22T20:18:49.330Z", "user": 2, "content_type": 16, "object_id": "1", "object_repr": "Liren Ding", "action_flag": 1, "change_message": "[{\"added\": {}}]"}}, {"model": "admin.logentry", "pk": 105, "fields": {"action_time": "2024-11-22T20:19:14.844Z", "user": 2, "content_type": 16, "object_id": "2", "object_repr": "Magnus Carlsen", "action_flag": 1, "change_message": "[{\"added\": {}}]"}}, {"model": "admin.logentry", "pk": 106, "fields": {"action_time": "2024-11-22T20:21:14.073Z", "user": 2, "content_type": 16, "object_id": "3", "object_repr": "Hikaru Nakamura", "action_flag": 1, "change_message": "[{\"added\": {}}]"}}, {"model": "admin.logentry", "pk": 107, "fields": {"action_time": "2024-11-22T20:25:02.088Z", "user": 2, "content_type": 18, "object_id": "1", "object_repr": "Oppenheimer Christopher Nolan", "action_flag": 1, "change_message": "[{\"added\": {}}]"}}, {"model": "admin.logentry", "pk": 108, "fields": {"action_time": "2024-11-22T20:28:22.108Z", "user": 2, "content_type": 18, "object_id": "2", "object_repr": "The Dark Knight Christopher Nolan", "action_flag": 1, "change_message": "[{\"added\": {}}]"}}, {"model": "admin.logentry", "pk": 109, "fields": {"action_time": "2024-11-22T22:22:38.129Z", "user": 2, "content_type": 18, "object_id": "3", "object_repr": "Blade Runner 2049 Denis Villenueve", "action_flag": 1, "change_message": "[{\"added\": {}}]"}}, {"model": "admin.logentry", "pk": 110, "fields": {"action_time": "2024-11-22T22:24:23.228Z", "user": 2, "content_type": 18, "object_id": "4", "object_repr": "The Hateful Eight Quentin Tarantino", "action_flag": 1, "change_message": "[{\"added\": {}}]"}}, {"model": "admin.logentry", "pk": 111, "fields": {"action_time": "2024-11-22T22:26:14.813Z", "user": 2, "content_type": 18, "object_id": "5", "object_repr": "The Irishman Martin Scorsese", "action_flag": 1, "change_message": "[{\"added\": {}}]"}}, {"model": "admin.logentry", "pk": 112, "fields": {"action_time": "2024-11-22T22:28:24.541Z", "user": 2, "content_type": 18, "object_id": "6", "object_repr": "Jojo Rabit Taika Waititi", "action_flag": 1, "change_message": "[{\"added\": {}}]"}}, {"model": "admin.logentry", "pk": 113, "fields": {"action_time": "2024-11-22T22:30:29.739Z", "user": 2, "content_type": 18, "object_id": "7", "object_repr": "Prometheus Ridley Scott", "action_flag": 1, "change_message": "[{\"added\": {}}]"}}, {"model": "admin.logentry", "pk": 114, "fields": {"action_time": "2024-11-22T22:33:23.703Z", "user": 2, "content_type": 18, "object_id": "8", "object_repr": "Avatar James Cameron", "action_flag": 1, "change_message": "[{\"added\": {}}]"}}, {"model": "admin.logentry", "pk": 115, "fields": {"action_time": "2024-11-22T22:35:57.880Z", "user": 2, "content_type": 18, "object_id": "9", "object_repr": "No Country for Old Men Ethan Coen, Joel Coen", "action_flag": 1, "change_message": "[{\"added\": {}}]"}}, {"model": "admin.logentry", "pk": 116, "fields": {"action_time": "2024-11-22T22:40:28.753Z", "user": 2, "content_type": 18, "object_id": "10", "object_repr": "Joker by Todd Phillips", "action_flag": 1, "change_message": "[{\"added\": {}}]"}}, {"model": "admin.logentry", "pk": 117, "fields": {"action_time": "2024-11-22T22:42:23.042Z", "user": 2, "content_type": 18, "object_id": "11", "object_repr": "Schindler's List by Steven Spielberg", "action_flag": 1, "change_message": "[{\"added\": {}}]"}}, {"model": "admin.logentry", "pk": 118, "fields": {"action_time": "2024-11-22T22:45:11.085Z", "user": 2, "content_type": 18, "object_id": "12", "object_repr": "Kindom of Heaven by Ridley Scott", "action_flag": 1, "change_message": "[{\"added\": {}}]"}}, {"model": "admin.logentry", "pk": 119, "fields": {"action_time": "2024-11-22T22:46:59.709Z", "user": 2, "content_type": 18, "object_id": "13", "object_repr": "Three Billboards Outside Ebbing, Missouri by Martin McDonagh", "action_flag": 1, "change_message": "[{\"added\": {}}]"}}, {"model": "admin.logentry", "pk": 120, "fields": {"action_time": "2024-11-22T22:49:18.049Z", "user": 2, "content_type": 18, "object_id": "14", "object_repr": "The Revenant by Alejandro G. Iñárritu", "action_flag": 1, "change_message": "[{\"added\": {}}]"}}, {"model": "admin.logentry", "pk": 121, "fields": {"action_time": "2024-11-22T22:51:32.833Z", "user": 2, "content_type": 18, "object_id": "15", "object_repr": "There will be Blood by Paul Thomas Anderson", "action_flag": 1, "change_message": "[{\"added\": {}}]"}}, {"model": "admin.logentry", "pk": 122, "fields": {"action_time": "2024-11-22T22:53:43.138Z", "user": 2, "content_type": 18, "object_id": "16", "object_repr": "Pacific Rim by Guillermo Del Toro", "action_flag": 1, "change_message": "[{\"added\": {}}]"}}, {"model": "admin.logentry", "pk": 123, "fields": {"action_time": "2024-11-22T22:54:53.904Z", "user": 2, "content_type": 18, "object_id": "17", "object_repr": "The Pursuit of Happyness by Gabriele Muccino", "action_flag": 1, "change_message": "[{\"added\": {}}]"}}, {"model": "admin.logentry", "pk": 124, "fields": {"action_time": "2024-11-22T22:58:24.699Z", "user": 2, "content_type": 18, "object_id": "18", "object_repr": "Hacksaw Ridge by Mel Gibson", "action_flag": 1, "change_message": "[{\"added\": {}}]"}}, {"model": "admin.logentry", "pk": 125, "fields": {"action_time": "2024-11-22T23:00:27.887Z", "user": 2, "content_type": 18, "object_id": "19", "object_repr": "Top Gun: Maverick by Joseph Kosinski", "action_flag": 1, "change_message": "[{\"added\": {}}]"}}, {"model": "admin.logentry", "pk": 126, "fields": {"action_time": "2024-11-22T23:02:20.944Z", "user": 2, "content_type": 18, "object_id": "20", "object_repr": "1917 by Sam Mendes", "action_flag": 1, "change_message": "[{\"added\": {}}]"}}, {"model": "admin.logentry", "pk": 127, "fields": {"action_time": "2024-11-22T23:03:49.642Z", "user": 2, "content_type": 18, "object_id": "21", "object_repr": "The Imitation Game by Morten Tyldum", "action_flag": 1, "change_message": "[{\"added\": {}}]"}}, {"model": "admin.logentry", "pk": 128, "fields": {"action_time": "2024-11-22T23:05:58.192Z", "user": 2, "content_type": 18, "object_id": "22", "object_repr": "Gravity by Alfonso Cuarón", "action_flag": 1, "change_message": "[{\"added\": {}}]"}}, {"model": "admin.logentry", "pk": 129, "fields": {"action_time": "2024-11-22T23:07:26.382Z", "user": 2, "content_type": 18, "object_id": "23", "object_repr": "Whiplash by Damien Chazelle", "action_flag": 1, "change_message": "[{\"added\": {}}]"}}, {"model": "admin.logentry", "pk": 130, "fields": {"action_time": "2024-11-22T23:09:57.051Z", "user": 2, "content_type": 18, "object_id": "24", "object_repr": "The Sixth Sense by M. Night Shyamalan", "action_flag": 1, "change_message": "[{\"added\": {}}]"}}, {"model": "admin.logentry", "pk": 131, "fields": {"action_time": "2024-11-22T23:10:54.678Z", "user": 2, "content_type": 18, "object_id": "25", "object_repr": "District 9 by Neill Blomkamp", "action_flag": 1, "change_message": "[{\"added\": {}}]"}}, {"model": "admin.logentry", "pk": 132, "fields": {"action_time": "2024-11-22T23:12:12.250Z", "user": 2, "content_type": 18, "object_id": "26", "object_repr": "A Beautiful Mind by Ron Howard", "action_flag": 1, "change_message": "[{\"added\": {}}]"}}, {"model": "admin.logentry", "pk": 133, "fields": {"action_time": "2024-11-22T23:15:07.109Z", "user": 2, "content_type": 18, "object_id": "27", "object_repr": "Byeon-ho-in (The Attorney) by Woo-seok Yang", "action_flag": 1, "change_message": "[{\"added\": {}}]"}}, {"model": "admin.logentry", "pk": 134, "fields": {"action_time": "2024-11-22T23:16:16.936Z", "user": 2, "content_type": 18, "object_id": "28", "object_repr": "Taeksi woonjunsa (A Taxi Driver) by Hun Jang", "action_flag": 1, "change_message": "[{\"added\": {}}]"}}, {"model": "admin.logentry", "pk": 135, "fields": {"action_time": "2024-11-22T23:18:16.139Z", "user": 2, "content_type": 18, "object_id": "29", "object_repr": "Gisaengchung (Parasite) by Bong Joon Ho", "action_flag": 1, "change_message": "[{\"added\": {}}]"}}, {"model": "admin.logentry", "pk": 136, "fields": {"action_time": "2024-11-22T23:20:09.066Z", "user": 2, "content_type": 18, "object_id": "30", "object_repr": "千と千尋の神隠し(Spirited Away) by 宮崎駿", "action_flag": 1, "change_message": "[{\"added\": {}}]"}}, {"model": "admin.logentry", "pk": 137, "fields": {"action_time": "2024-11-22T23:22:24.446Z", "user": 2, "content_type": 15, "object_id": "1", "object_repr": "Liren Ding's list", "action_flag": 1, "change_message": "[{\"added\": {}}]"}}, {"model": "admin.logentry", "pk": 138, "fields": {"action_time": "2024-11-22T23:22:40.631Z", "user": 2, "content_type": 15, "object_id": "1", "object_repr": "Liren Ding's list", "action_flag": 2, "change_message": "[]"}}, {"model": "admin.logentry", "pk": 139, "fields": {"action_time": "2024-11-22T23:22:55.129Z", "user": 2, "content_type": 15, "object_id": "2", "object_repr": "Liren Ding's list", "action_flag": 1, "change_message": "[{\"added\": {}}]"}}, {"model": "admin.logentry", "pk": 140, "fields": {"action_time": "2024-11-22T23:23:15.332Z", "user": 2, "content_type": 15, "object_id": "3", "object_repr": "Hikaru Nakamura's list", "action_flag": 1, "change_message": "[{\"added\": {}}]"}}, {"model": "admin.logentry", "pk": 141, "fields": {"action_time": "2024-11-22T23:23:27.206Z", "user": 2, "content_type": 15, "object_id": "4", "object_repr": "Hikaru Nakamura's list", "action_flag": 1, "change_message": "[{\"added\": {}}]"}}, {"model": "admin.logentry", "pk": 142, "fields": {"action_time": "2024-11-22T23:23:47.799Z", "user": 2, "content_type": 15, "object_id": "5", "object_repr": "Hikaru Nakamura's list", "action_flag": 1, "change_message": "[{\"added\": {}}]"}}, {"model": "admin.logentry", "pk": 143, "fields": {"action_time": "2024-11-22T23:24:23.295Z", "user": 2, "content_type": 15, "object_id": "6", "object_repr": "Magnus Carlsen's list", "action_flag": 1, "change_message": "[{\"added\": {}}]"}}, {"model": "admin.logentry", "pk": 144, "fields": {"action_time": "2024-11-22T23:24:41.282Z", "user": 2, "content_type": 15, "object_id": "7", "object_repr": "Magnus Carlsen's list", "action_flag": 1, "change_message": "[{\"added\": {}}]"}}, {"model": "admin.logentry", "pk": 145, "fields": {"action_time": "2024-11-22T23:24:56.805Z", "user": 2, "content_type": 15, "object_id": "8", "object_repr": "Magnus Carlsen's list", "action_flag": 1, "change_message": "[{\"added\": {}}]"}}, {"model": "admin.logentry", "pk": 146, "fields": {"action_time": "2024-11-22T23:25:13.014Z", "user": 2, "content_type": 15, "object_id": "9", "object_repr": "Liren Ding's list", "action_flag": 1, "change_message": "[{\"added\": {}}]"}}, {"model": "admin.logentry", "pk": 147, "fields": {"action_time": "2024-12-09T00:26:29.842Z", "user": 2, "content_type": 18, "object_id": "1", "object_repr": "Oppenheimer by Christopher Nolan", "action_flag": 2, "change_message": "[{\"changed\": {\"fields\": [\"Image\"]}}]"}}, {"model": "admin.logentry", "pk": 148, "fields": {"action_time": "2024-12-09T00:26:52.420Z", "user": 2, "content_type": 18, "object_id": "2", "object_repr": "The Dark Knight by Christopher Nolan", "action_flag": 2, "change_message": "[{\"changed\": {\"fields\": [\"Length\", \"Image\"]}}]"}}, {"model": "admin.logentry", "pk": 149, "fields": {"action_time": "2024-12-09T00:27:14.734Z", "user": 2, "content_type": 18, "object_id": "3", "object_repr": "Blade Runner 2049 by Denis Villenueve", "action_flag": 2, "change_message": "[{\"changed\": {\"fields\": [\"Length\", \"Image\"]}}]"}}, {"model": "admin.logentry", "pk": 150, "fields": {"action_time": "2024-12-09T00:27:31.590Z", "user": 2, "content_type": 18, "object_id": "4", "object_repr": "The Hateful Eight by Quentin Tarantino", "action_flag": 2, "change_message": "[{\"changed\": {\"fields\": [\"Length\", \"Image\"]}}]"}}, {"model": "admin.logentry", "pk": 151, "fields": {"action_time": "2024-12-09T00:27:50.408Z", "user": 2, "content_type": 18, "object_id": "5", "object_repr": "The Irishman by Martin Scorsese", "action_flag": 2, "change_message": "[{\"changed\": {\"fields\": [\"Length\", \"Image\"]}}]"}}, {"model": "admin.logentry", "pk": 152, "fields": {"action_time": "2024-12-09T00:28:08.046Z", "user": 2, "content_type": 18, "object_id": "6", "object_repr": "Jojo Rabit by Taika Waititi", "action_flag": 2, "change_message": "[{\"changed\": {\"fields\": [\"Length\", \"Image\"]}}]"}}, {"model": "admin.logentry", "pk": 153, "fields": {"action_time": "2024-12-09T00:28:26.244Z", "user": 2, "content_type": 18, "object_id": "7", "object_repr": "Prometheus by Ridley Scott", "action_flag": 2, "change_message": "[{\"changed\": {\"fields\": [\"Length\", \"Image\"]}}]"}}, {"model": "admin.logentry", "pk": 154, "fields": {"action_time": "2024-12-09T00:28:53.843Z", "user": 2, "content_type": 18, "object_id": "8", "object_repr": "Avatar by James Cameron", "action_flag": 2, "change_message": "[{\"changed\": {\"fields\": [\"Length\", \"Image\"]}}]"}}, {"model": "admin.logentry", "pk": 155, "fields": {"action_time": "2024-12-09T00:29:18.548Z", "user": 2, "content_type": 18, "object_id": "9", "object_repr": "No Country for Old Men by Ethan Coen, Joel Coen", "action_flag": 2, "change_message": "[{\"changed\": {\"fields\": [\"Length\", \"Image\"]}}]"}}, {"model": "admin.logentry", "pk": 156, "fields": {"action_time": "2024-12-09T00:29:22.512Z", "user": 2, "content_type": 18, "object_id": "6", "object_repr": "Jojo Rabit by Taika Waititi", "action_flag": 2, "change_message": "[]"}}, {"model": "admin.logentry", "pk": 157, "fields": {"action_time": "2024-12-09T00:29:28.518Z", "user": 2, "content_type": 18, "object_id": "9", "object_repr": "No Country for Old Men by Ethan Coen, Joel Coen", "action_flag": 2, "change_message": "[]"}}, {"model": "admin.logentry", "pk": 158, "fields": {"action_time": "2024-12-09T00:29:40.137Z", "user": 2, "content_type": 18, "object_id": "10", "object_repr": "Joker by Todd Phillips", "action_flag": 2, "change_message": "[{\"changed\": {\"fields\": [\"Image\"]}}]"}}, {"model": "admin.logentry", "pk": 159, "fields": {"action_time": "2024-12-09T00:29:49.969Z", "user": 2, "content_type": 18, "object_id": "11", "object_repr": "Schindler's List by Steven Spielberg", "action_flag": 2, "change_message": "[{\"changed\": {\"fields\": [\"Image\"]}}]"}}, {"model": "admin.logentry", "pk": 160, "fields": {"action_time": "2024-12-09T00:29:59.457Z", "user": 2, "content_type": 18, "object_id": "12", "object_repr": "Kindom of Heaven by Ridley Scott", "action_flag": 2, "change_message": "[{\"changed\": {\"fields\": [\"Image\"]}}]"}}, {"model": "admin.logentry", "pk": 161, "fields": {"action_time": "2024-12-09T00:30:09.659Z", "user": 2, "content_type": 18, "object_id": "13", "object_repr": "Three Billboards Outside Ebbing, Missouri by Martin McDonagh", "action_flag": 2, "change_message": "[{\"changed\": {\"fields\": [\"Image\"]}}]"}}, {"model": "admin.logentry", "pk": 162, "fields": {"action_time": "2024-12-09T00:30:26.194Z", "user": 2, "content_type": 18, "object_id": "14", "object_repr": "The Revenant by Alejandro G. Iñárritu", "action_flag": 2, "change_message": "[{\"changed\": {\"fields\": [\"Image\"]}}]"}}, {"model": "admin.logentry", "pk": 163, "fields": {"action_time": "2024-12-09T00:30:37.611Z", "user": 2, "content_type": 18, "object_id": "15", "object_repr": "There will be Blood by Paul Thomas Anderson", "action_flag": 2, "change_message": "[{\"changed\": {\"fields\": [\"Image\"]}}]"}}, {"model": "admin.logentry", "pk": 164, "fields": {"action_time": "2024-12-09T00:30:49.500Z", "user": 2, "content_type": 18, "object_id": "16", "object_repr": "Pacific Rim by Guillermo Del Toro", "action_flag": 2, "change_message": "[{\"changed\": {\"fields\": [\"Image\"]}}]"}}, {"model": "admin.logentry", "pk": 165, "fields": {"action_time": "2024-12-09T00:31:12.311Z", "user": 2, "content_type": 18, "object_id": "17", "object_repr": "The Pursuit of Happyness by Gabriele Muccino", "action_flag": 2, "change_message": "[{\"changed\": {\"fields\": [\"Length\", \"Image\"]}}]"}}, {"model": "admin.logentry", "pk": 166, "fields": {"action_time": "2024-12-09T00:31:22.228Z", "user": 2, "content_type": 18, "object_id": "18", "object_repr": "Hacksaw Ridge by Mel Gibson", "action_flag": 2, "change_message": "[{\"changed\": {\"fields\": [\"Image\"]}}]"}}, {"model": "admin.logentry", "pk": 167, "fields": {"action_time": "2024-12-09T00:31:32.125Z", "user": 2, "content_type": 18, "object_id": "19", "object_repr": "Top Gun: Maverick by Joseph Kosinski", "action_flag": 2, "change_message": "[{\"changed\": {\"fields\": [\"Image\"]}}]"}}, {"model": "admin.logentry", "pk": 168, "fields": {"action_time": "2024-12-09T00:31:41.576Z", "user": 2, "content_type": 18, "object_id": "20", "object_repr": "1917 by Sam Mendes", "action_flag": 2, "change_message": "[{\"changed\": {\"fields\": [\"Image\"]}}]"}}, {"model": "admin.logentry", "pk": 169, "fields": {"action_time": "2024-12-09T00:32:04.290Z", "user": 2, "content_type": 18, "object_id": "21", "object_repr": "The Imitation Game by Morten Tyldum", "action_flag": 2, "change_message": "[{\"changed\": {\"fields\": [\"Length\", \"Image\"]}}]"}}, {"model": "admin.logentry", "pk": 170, "fields": {"action_time": "2024-12-09T00:32:23.899Z", "user": 2, "content_type": 18, "object_id": "22", "object_repr": "Gravity by Alfonso Cuarón", "action_flag": 2, "change_message": "[{\"changed\": {\"fields\": [\"Image\"]}}]"}}, {"model": "admin.logentry", "pk": 171, "fields": {"action_time": "2024-12-09T00:32:35.762Z", "user": 2, "content_type": 18, "object_id": "23", "object_repr": "Whiplash by Damien Chazelle", "action_flag": 2, "change_message": "[{\"changed\": {\"fields\": [\"Image\"]}}]"}}, {"model": "admin.logentry", "pk": 172, "fields": {"action_time": "2024-12-09T00:32:44.434Z", "user": 2, "content_type": 18, "object_id": "24", "object_repr": "The Sixth Sense by M. Night Shyamalan", "action_flag": 2, "change_message": "[{\"changed\": {\"fields\": [\"Image\"]}}]"}}, {"model": "admin.logentry", "pk": 173, "fields": {"action_time": "2024-12-09T00:32:52.393Z", "user": 2, "content_type": 18, "object_id": "25", "object_repr": "District 9 by Neill Blomkamp", "action_flag": 2, "change_message": "[{\"changed\": {\"fields\": [\"Image\"]}}]"}}, {"model": "admin.logentry", "pk": 174, "fields": {"action_time": "2024-12-09T00:32:59.648Z", "user": 2, "content_type": 18, "object_id": "26", "object_repr": "A Beautiful Mind by Ron Howard", "action_flag": 2, "change_message": "[{\"changed\": {\"fields\": [\"Image\"]}}]"}}, {"model": "admin.logentry", "pk": 175, "fields": {"action_time": "2024-12-09T00:33:09.694Z", "user": 2, "content_type": 18, "object_id": "27", "object_repr": "Byeon-ho-in (The Attorney) by Woo-seok Yang", "action_flag": 2, "change_message": "[{\"changed\": {\"fields\": [\"Image\"]}}]"}}, {"model": "admin.logentry", "pk": 176, "fields": {"action_time": "2024-12-09T00:33:17.489Z", "user": 2, "content_type": 18, "object_id": "28", "object_repr": "Taeksi woonjunsa (A Taxi Driver) by Hun Jang", "action_flag": 2, "change_message": "[{\"changed\": {\"fields\": [\"Image\"]}}]"}}, {"model": "admin.logentry", "pk": 177, "fields": {"action_time": "2024-12-09T00:33:25.454Z", "user": 2, "content_type": 18, "object_id": "29", "object_repr": "Gisaengchung (Parasite) by Bong Joon Ho", "action_flag": 2, "change_message": "[{\"changed\": {\"fields\": [\"Image\"]}}]"}}, {"model": "admin.logentry", "pk": 178, "fields": {"action_time": "2024-12-09T00:33:32.742Z", "user": 2, "content_type": 18, "object_id": "30", "object_repr": "千と千尋の神隠し(Spirited Away) by 宮崎駿", "action_flag": 2, "change_message": "[{\"changed\": {\"fields\": [\"Image\"]}}]"}}, {"model": "admin.logentry", "pk": 179, "fields": {"action_time": "2024-12-09T03:31:29.620Z", "user": 2, "content_type": 16, "object_id": "3", "object_repr": "Hikaru Nakamura", "action_flag": 2, "change_message": "[{\"changed\": {\"fields\": [\"Profile picture\"]}}]"}}, {"model": "admin.logentry", "pk": 180, "fields": {"action_time": "2024-12-09T03:31:36.541Z", "user": 2, "content_type": 16, "object_id": "2", "object_repr": "Magnus Carlsen", "action_flag": 2, "change_message": "[{\"changed\": {\"fields\": [\"Profile picture\"]}}]"}}, {"model": "admin.logentry", "pk": 181, "fields": {"action_time": "2024-12-09T03:31:44.045Z", "user": 2, "content_type": 16, "object_id": "1", "object_repr": "Liren Ding", "action_flag": 2, "change_message": "[{\"changed\": {\"fields\": [\"Profile picture\"]}}]"}}, {"model": "admin.logentry", "pk": 182, "fields": {"action_time": "2024-12-10T19:15:42.009Z", "user": 2, "content_type": 19, "object_id": "1", "object_repr": "Liren Ding", "action_flag": 2, "change_message": "[]"}}, {"model": "auth.permission", "pk": 1, "fields": {"name": "Can add log entry", "content_type": 1, "codename": "add_logentry"}}, {"model": "auth.permission", "pk": 2, "fields": {"name": "Can change log entry", "content_type": 1, "codename": "change_logentry"}}, {"model": "auth.permission", "pk": 3, "fields": {"name": "Can delete log entry", "content_type": 1, "codename": "delete_logentry"}}, {"model": "auth.permission", "pk": 4, "fields": {"name": "Can view log entry", "content_type": 1, "codename": "view_logentry"}}, {"model": "auth.permission", "pk": 5, "fields": {"name": "Can add permission", "content_type": 2, "codename": "add_permission"}}, {"model": "auth.permission", "pk": 6, "fields": {"name": "Can change permission", "content_type": 2, "codename": "change_permission"}}, {"model": "auth.permission", "pk": 7, "fields": {"name": "Can delete permission", "content_type": 2, "codename": "delete_permission"}}, {"model": "auth.permission", "pk": 8, "fields": {"name": "Can view permission", "content_type": 2, "codename": "view_permission"}}, {"model": "auth.permission", "pk": 9, "fields": {"name": "Can add group", "content_type": 3, "codename": "add_group"}}, {"model": "auth.permission", "pk": 10, "fields": {"name": "Can change group", "content_type": 3, "codename": "change_group"}}, {"model": "auth.permission", "pk": 11, "fields": {"name": "Can delete group", "content_type": 3, "codename": "delete_group"}}, {"model": "auth.permission", "pk": 12, "fields": {"name": "Can view group", "content_type": 3, "codename": "view_group"}}, {"model": "auth.permission", "pk": 13, "fields": {"name": "Can add user", "content_type": 4, "codename": "add_user"}}, {"model": "auth.permission", "pk": 14, "fields": {"name": "Can change user", "content_type": 4, "codename": "change_user"}}, {"model": "auth.permission", "pk": 15, "fields": {"name": "Can delete user", "content_type": 4, "codename": "delete_user"}}, {"model": "auth.permission", "pk": 16, "fields": {"name": "Can view user", "content_type": 4, "codename": "view_user"}}, {"model": "auth.permission", "pk": 17, "fields": {"name": "Can add content type", "content_type": 5, "codename": "add_contenttype"}}, {"model": "auth.permission", "pk": 18, "fields": {"name": "Can change content type", "content_type": 5, "codename": "change_contenttype"}}, {"model": "auth.permission", "pk": 19, "fields": {"name": "Can delete content type", "content_type": 5, "codename": "delete_contenttype"}}, {"model": "auth.permission", "pk": 20, "fields": {"name": "Can view content type", "content_type": 5, "codename": "view_contenttype"}}, {"model": "auth.permission", "pk": 21, "fields": {"name": "Can add session", "content_type": 6, "codename": "add_session"}}, {"model": "auth.permission", "pk": 22, "fields": {"name": "Can change session", "content_type": 6, "codename": "change_session"}}, {"model": "auth.permission", "pk": 23, "fields": {"name": "Can delete session", "content_type": 6, "codename": "delete_session"}}, {"model": "auth.permission", "pk": 24, "fields": {"name": "Can view session", "content_type": 6, "codename": "view_session"}}, {"model": "auth.permission", "pk": 25, "fields": {"name": "Can add article", "content_type": 7, "codename": "add_article"}}, {"model": "auth.permission", "pk": 26, "fields": {"name": "Can change article", "content_type": 7, "codename": "change_article"}}, {"model": "auth.permission", "pk": 27, "fields": {"name": "Can delete article", "content_type": 7, "codename": "delete_article"}}, {"model": "auth.permission", "pk": 28, "fields": {"name": "Can view article", "content_type": 7, "codename": "view_article"}}, {"model": "auth.permission", "pk": 29, "fields": {"name": "Can add profile", "content_type": 8, "codename": "add_profile"}}, {"model": "auth.permission", "pk": 30, "fields": {"name": "Can change profile", "content_type": 8, "codename": "change_profile"}}, {"model": "auth.permission", "pk": 31, "fields": {"name": "Can delete profile", "content_type": 8, "codename": "delete_profile"}}, {"model": "auth.permission", "pk": 32, "fields": {"name": "Can view profile", "content_type": 8, "codename": "view_profile"}}, {"model": "auth.permission", "pk": 33, "fields": {"name": "Can add comment", "content_type": 9, "codename": "add_comment"}}, {"model": "auth.permission", "pk": 34, "fields": {"name": "Can change comment", "content_type": 9, "codename": "change_comment"}}, {"model": "auth.permission", "pk": 35, "fields": {"name": "Can delete comment", "content_type": 9, "codename": "delete_comment"}}, {"model": "auth.permission", "pk": 36, "fields": {"name": "Can view comment", "content_type": 9, "codename": "view_comment"}}, {"model": "auth.permission", "pk": 37, "fields": {"name": "Can add profile", "content_type": 10, "codename": "add_profile"}}, {"model": "auth.permission", "pk": 38, "fields": {"name": "Can change profile", "content_type": 10, "codename": "change_profile"}}, {"model": "auth.permission", "pk": 39, "fields": {"name": "Can delete profile", "content_type": 10, "codename": "delete_profile"}}, {"model": "auth.permission", "pk": 40, "fields": {"name": "Can view profile", "content_type": 10, "codename": "view_profile"}}, {"model": "auth.permission", "pk": 41, "fields": {"name": "Can add status message", "content_type": 11, "codename": "add_statusmessage"}}, {"model": "auth.permission", "pk": 42, "fields": {"name": "Can change status message", "content_type": 11, "codename": "change_statusmessage"}}, {"model": "auth.permission", "pk": 43, "fields": {"name": "Can delete status message", "content_type": 11, "codename": "delete_statusmessage"}}, {"model": "auth.permission", "pk": 44, "fields": {"name": "Can view status message", "content_type": 11, "codename": "view_statusmessage"}}, {"model": "auth.permission", "pk": 45, "fields": {"name": "Can add image", "content_type": 12, "codename": "add_image"}}, {"model": "auth.permission", "pk": 46, "fields": {"name": "Can change image", "content_type": 12, "codename": "change_image"}}, {"model": "auth.permission", "pk": 47, "fields": {"name": "Can delete image", "content_type": 12, "codename": "delete_image"}}, {"model": "auth.permission", "pk": 48, "fields": {"name": "Can view image", "content_type": 12, "codename": "view_image"}}, {"model": "auth.permission", "pk": 49, "fields": {"name": "Can add friend", "content_type": 13, "codename": "add_friend"}}, {"model": "auth.permission", "pk": 50, "fields": {"name": "Can change friend", "content_type": 13, "codename": "change_friend"}}, {"model": "auth.permission", "pk": 51, "fields": {"name": "Can delete friend", "content_type": 13, "codename": "delete_friend"}}, {"model": "auth.permission", "pk": 52, "fields": {"name": "Can view friend", "content_type": 13, "codename": "view_friend"}}, {"model": "auth.permission", "pk": 53, "fields": {"name": "Can add result", "content_type": 14, "codename": "add_result"}}, {"model": "auth.permission", "pk": 54, "fields": {"name": "Can change result", "content_type": 14, "codename": "change_result"}}, {"model": "auth.permission", "pk": 55, "fields": {"name": "Can delete result", "content_type": 14, "codename": "delete_result"}}, {"model": "auth.permission", "pk": 56, "fields": {"name": "Can view result", "content_type": 14, "codename": "view_result"}}, {"model": "auth.permission", "pk": 57, "fields": {"name": "Can add movie_ list", "content_type": 15, "codename": "add_movie_list"}}, {"model": "auth.permission", "pk": 58, "fields": {"name": "Can change movie_ list", "content_type": 15, "codename": "change_movie_list"}}, {"model": "auth.permission", "pk": 59, "fields": {"name": "Can delete movie_ list", "content_type": 15, "codename": "delete_movie_list"}}, {"model": "auth.permission", "pk": 60, "fields": {"name": "Can view movie_ list", "content_type": 15, "codename": "view_movie_list"}}, {"model": "auth.permission", "pk": 61, "fields": {"name": "Can add user", "content_type": 16, "codename": "add_user"}}, {"model": "auth.permission", "pk": 62, "fields": {"name": "Can change user", "content_type": 16, "codename": "change_user"}}, {"model": "auth.permission", "pk": 63, "fields": {"name": "Can delete user", "content_type": 16, "codename": "delete_user"}}, {"model": "auth.permission", "pk": 64, "fields": {"name": "Can view user", "content_type": 16, "codename": "view_user"}}, {"model": "auth.permission", "pk": 65, "fields": {"name": "Can add recommendation", "content_type": 17, "codename": "add_recommendation"}}, {"model": "auth.permission", "pk": 66, "fields": {"name": "Can change recommendation", "content_type": 17, "codename": "change_recommendation"}}, {"model": "auth.permission", "pk": 67, "fields": {"name": "Can delete recommendation", "content_type": 17, "codename": "delete_recommendation"}}, {"model": "auth.permission", "pk": 68, "fields": {"name": "Can view recommendation", "content_type": 17, "codename": "view_recommendation"}}, {"model": "auth.permission", "pk": 69, "fields": {"name": "Can add movie", "content_type": 18, "codename": "add_movie"}}, {"model": "auth.permission", "pk": 70, "fields": {"name": "Can change movie", "content_type": 18, "codename": "change_movie"}}, {"model": "auth.permission", "pk": 71, "fields": {"name": "Can delete movie", "content_type": 18, "codename": "delete_movie"}}, {"model": "auth.permission", "pk": 72, "fields": {"name": "Can view movie", "content_type": 18, "codename": "view_movie"}}, {"model": "auth.permission", "pk": 73, "fields": {"name": "Can add user profile", "content_type": 16, "codename": "add_userprofile"}}, {"model": "auth.permission", "pk": 74, "fields": {"name": "Can change user profile", "content_type": 16, "codename": "change_userprofile"}}, {"model": "auth.permission", "pk": 75, "fields": {"name": "Can delete user profile", "content_type": 16, "codename": "delete_userprofile"}}, {"model": "auth.permission", "pk": 76, "fields": {"name": "Can view user profile", "content_type": 16, "codename": "view_userprofile"}}, {"model": "auth.permission", "pk": 77, "fields": {"name": "Can add user", "content_type": 19, "codename": "add_user"}}, {"model": "auth.permission", "pk": 78, "fields": {"name": "Can change user", "content_type": 19, "codename": "change_user"}}, {"model": "auth.permission", "pk": 79, "fields": {"name": "Can delete user", "content_type": 19, "codename": "delete_user"}}, {"model": "auth.permission", "pk": 80, "fields": {"name": "Can view user", "content_type": 19, "codename": "view_user"}}, {"model": "auth.user", "pk": 1, "fields": {"password": "pbkdf2_sha256$600000$jgbGGF2ciOWSzg0aMmDPOe$MwNXCZ2wS9vvuOkDPdYXsAVR5c5maJgpeYg9W9NurPY=", "last_login": null, "is_superuser": true, "username": "bluefox2233", "first_name": "", "last_name": "", "email": "leoyang0710@gmail.com", "is_staff": true, "is_active": true, "date_joined": "2024-10-09T23:53:47.507Z", "groups": [], "user_permissions": []}}, {"model": "auth.user", "pk": 2, "fields": {"password": "pbkdf2_sha256$600000$bJ7bLxbjFwAo8dACmzKf5G$sVnmQohbLsYZnf1wy4/u6z/j2YvKdX6+Vl4R+UWuebQ=", "last_login": "2024-12-07T17:51:57.868Z", "is_superuser": true, "username": "zyang710", "first_name": "", "last_name": "", "email": "zyang710@bu.edu", "is_staff": true, "is_active": true, "date_joined": "2024-10-16T22:20:26.214Z", "groups": [], "user_permissions": []}}, {"model": "auth.user", "pk": 3, "fields": {"password": "pbkdf2_sha256$600000$cUZ7DZc38z1LUJz3BYYxUm$LiM206cImfaVgK81Tvj1uY5XVL5eTc16GHJ0S43081E=", "last_login": "2024-11-07T01:46:11.839Z", "is_superuser": false, "username": "jl1940", "first_name": "", "last_name": "", "email": "", "is_staff": false, "is_active": true, "date_joined": "2024-11-06T23:50:18Z", "groups": [], "user_permissions": []}}, {"model": "auth.user", "pk": 4, "fields": {"password": "pbkdf2_sha256$600000$eWaK5fCq7FbU9OfbO8UG0x$Vr2b3ZNSaeHatBfmbJuK+AQrlrZgCq64VLjjok3KoH0=", "last_login": "2024-11-07T01:52:00.391Z", "is_superuser": false, "username": "test007", "first_name": "", "last_name": "", "email": "", "is_staff": false, "is_active": true, "date_joined": "2024-11-07T01:01:30Z", "groups": [], "user_permissions": []}}, {"model": "contenttypes.contenttype", "pk": 1, "fields": {"app_label": "admin", "model": "logentry"}}, {"model": "contenttypes.contenttype", "pk": 2, "fields": {"app_label": "auth", "model": "permission"}}, {"model": "contenttypes.contenttype", "pk": 3, "fields": {"app_label": "auth", "model": "group"}}, {"model": "contenttypes.contenttype", "pk": 4, "fields": {"app_label": "auth", "model": "user"}}, {"model": "contenttypes.contenttype", "pk": 5, "fields": {"app_label": "contenttypes", "model": "contenttype"}}, {"model": "contenttypes.contenttype", "pk": 6, "fields": {"app_label": "sessions", "model": "session"}}, {"model": "contenttypes.contenttype", "pk": 7, "fields": {"app_label": "blog", "model": "article"}}, {"model": "contenttypes.contenttype", "pk": 8, "fields": {"app_label": "blog", "model": "profile"}}, {"model": "contenttypes.contenttype", "pk": 9, "fields": {"app_label": "blog", "model": "comment"}}, {"model": "contenttypes.contenttype", "pk": 10, "fields": {"app_label": "mini_fb", "model": "profile"}}, {"model": "contenttypes.contenttype", "pk": 11, "fields": {"app_label": "mini_fb", "model": "statusmessage"}}, {"model": "contenttypes.contenttype", "pk": 12, "fields": {"app_label": "mini_fb", "model": "image"}}, {"model": "contenttypes.contenttype", "pk": 13, "fields": {"app_label": "mini_fb", "model": "friend"}}, {"model": "contenttypes.contenttype", "pk": 14, "fields": {"app_label": "marathon_analytics", "model": "result"}}, {"model": "contenttypes.contenttype", "pk": 15, "fields": {"app_label": "movie_rec", "model": "movie_list"}}, {"model": "contenttypes.contenttype", "pk": 16, "fields": {"app_label": "movie_rec", "model": "userprofile"}}, {"model": "contenttypes.contenttype", "pk": 17, "fields": {"app_label": "movie_rec", "model": "recommendation"}}, {"model": "contenttypes.contenttype", "pk": 18, "fields": {"app_label": "movie_rec", "model": "movie"}}, {"model": "contenttypes.contenttype", "pk": 19, "fields": {"app_label": "movie_rec", "model": "user"}}, {"model": "sessions.session", "pk": "ay96yfaoruz3gtx5it2mixjrtfyjlqeo", "fields": {"session_data": ".eJxVjDsOwjAUBO_iGlm2H_5R0ucM1rPXIQGUSHFSIe4OkVJAuzOzL5F4W4e0tbqkEeIijDj9bpnLo047wJ2n2yzLPK3LmOWuyIM22c2oz-vh_h0M3IZvTT3Iec2UTW8KMdvqYOCjLlbDIvIZ5KG5uqhIgQOChlK2RJANSrw_8ho38Q:1tJyyD:6ujhpoZ2EhGztBF-OxRcPZG6DAcyMlNEUA9ASpq2pbU", "expire_date": "2024-12-21T17:51:57.870Z"}}, {"model": "sessions.session", "pk": "g7exh1u5xdbzvlhqj0u6thogqzi5ea4i", "fields": {"session_data": ".eJxVjDsOwjAUBO_iGlm2H_5R0ucM1rPXIQGUSHFSIe4OkVJAuzOzL5F4W4e0tbqkEeIijDj9bpnLo047wJ2n2yzLPK3LmOWuyIM22c2oz-vh_h0M3IZvTT3Iec2UTW8KMdvqYOCjLlbDIvIZ5KG5uqhIgQOChlK2RJANSrw_8ho38Q:1t8qrP:Wv4foNeizNiPMg90PbvPeK751B_f_zkzCpm011Q26v8", "expire_date": "2024-11-21T00:58:55.031Z"}}, {"model": "sessions.session", "pk": "iy0guem8obzow6nhx8hh85rrd9fbxkw9", "fields": {"session_data": ".eJxVjDsOwjAUBO_iGlm2H_5R0ucM1rPXIQGUSHFSIe4OkVJAuzOzL5F4W4e0tbqkEeIijDj9bpnLo047wJ2n2yzLPK3LmOWuyIM22c2oz-vh_h0M3IZvTT3Iec2UTW8KMdvqYOCjLlbDIvIZ5KG5uqhIgQOChlK2RJANSrw_8ho38Q:1t1CXd:4rgnDNrTGPVqVp6slfL3eaEcJOXFtgU8cVFAblZozcg", "expire_date": "2024-10-30T22:30:53.824Z"}}, {"model": "sessions.session", "pk": "kr1c27yvkxfyzcxlhz9i510wejm2q8f7", "fields": {"session_data": ".eJxVjDsOwjAUBO_iGlm2H_5R0ucM1rPXIQGUSHFSIe4OkVJAuzOzL5F4W4e0tbqkEeIijDj9bpnLo047wJ2n2yzLPK3LmOWuyIM22c2oz-vh_h0M3IZvTT3Iec2UTW8KMdvqYOCjLlbDIvIZ5KG5uqhIgQOChlK2RJANSrw_8ho38Q:1tEa2c:Qt4f7eEWj2ujY-rr9X6ACq1Xs1sYst6zXLEJsvzzNRY", "expire_date": "2024-12-06T20:14:10.463Z"}}, {"model": "blog.article", "pk": 1, "fields": {"user": 2, "title": "Happiness", "author": "John Lennon", "text": "When I was 5 years old, my mother always told me that happiness was the key to life. When I went to school, they asked me what I wanted to be when I grew up. I wrote down 'happy'. They told me I didn't understand the assignment, and I told them they didn't understand life.", "published": "2024-10-23T03:01:18.254Z", "image_file": "JL-guitar.jpg"}}, {"model": "blog.article", "pk": 2, "fields": {"user": 2, "title": "Love", "author": "John Lennon", "text": "It matters not who you love, where you love, why you love, when you love or how you love, it matters only that you love.", "published": "2024-10-23T03:01:26.023Z", "image_file": "JL_1974.jpg"}}, {"model": "blog.article", "pk": 3, "fields": {"user": 2, "title": "Drugs", "author": "John Lennon", "text": "The basic thing nobody asks is why do people take drugs of any sort? Why do we have these accessories to normal living to live? I mean, is there something wrong with society that's making us so pressurized, that we cannot live without guarding ourselves against it?", "published": "2024-10-22T16:17:22.058Z", "image_file": "JL-NYC.jpg"}}, {"model": "blog.comment", "pk": 1, "fields": {"article": 1, "author": "unknown", "text": "I love this story!", "published": "2024-10-16T23:21:01.261Z"}}, {"model": "blog.comment", "pk": 2, "fields": {"article": 2, "author": "unknown", "text": "Simple and Beautiful", "published": "2024-10-16T23:21:22.850Z"}}, {"model": "blog.comment", "pk": 3, "fields": {"article": 3, "author": "unknown", "text": "We need to rethink how we teach small children about life.", "published": "2024-10-16T23:21:40.489Z"}}, {"model": "blog.comment", "pk": 4, "fields": {"article": 1, "author": "htc", "text": "Amazing!", "published": "2024-10-16T23:42:56.398Z"}}, {"model": "blog.comment", "pk": 5, "fields": {"article": 1, "author": "htc", "text": "Amazing!", "published": "2024-10-17T00:00:11.542Z"}}, {"model": "blog.comment", "pk": 6, "fields": {"article": 1, "author": "htc", "text": "Amazing!", "published": "2024-10-17T00:01:33.352Z"}}, {"model": "blog.comment", "pk": 7, "fields": {"article": 1, "author": "yzb", "text": "hahahahaha", "published": "2024-10-17T00:25:55.381Z"}}, {"model": "blog.comment", "pk": 8, "fields": {"article": 1, "author": "uzi", "text": "aaa", "published": "2024-10-22T16:13:48.401Z"}}, {"model": "mini_fb.profile", "pk": 1, "fields": {"user": 2, "first_name": "Viggo", "last_name": "Mortensen", "city": "New York", "email_address": "viggom@gamail.com", "profile_image_url": "https://media.themoviedb.org/t/p/w600_and_h900_bestv2/vH5gVSpHAMhDaFWfh0Q7BG61O1y.jpg"}}, {"model": "mini_fb.profile", "pk": 2, "fields": {"user": 2, "first_name": "Sam", "last_name": "Neil", "city": "Belfast", "email_address": "samn@gmail.com", "profile_image_url": "https://resizing.flixster.com/-XZAfHZM39UwaGJIFWKAE8fS0ak=/v3/t/assets/57645_v9_bd.jpg"}}, {"model": "mini_fb.profile", "pk": 3, "fields": {"user": 2, "first_name": "Gary", "last_name": "Oldman", "city": "London", "email_address": "garyo@gmail.com", "profile_image_url": "https://upload.wikimedia.org/wikipedia/commons/3/31/Gary_Oldman_2011_Venice_Film_Festival.jpg"}}, {"model": "mini_fb.profile", "pk": 4, "fields": {"user": 4, "first_name": "Bill", "last_name": "Nighy", "city": "Suffolk", "email_address": "billn@gmail.com", "profile_image_url": "https://upload.wikimedia.org/wikipedia/commons/thumb/4/41/Bill_Nighy-3007.jpg/1200px-Bill_Nighy-3007.jpg"}}, {"model": "mini_fb.profile", "pk": 5, "fields": {"user": 2, "first_name": "Christopher", "last_name": "Waltz", "city": "Vienna", "email_address": "chrisw@gmail.com", "profile_image_url": "https://people.com/thmb/Z05W5yQbM0Y8z0Wgi5Xb5mOIYq8=/1500x0/filters:no_upscale():max_bytes(150000):strip_icc():focal(216x0:218x2)/christoph-waltz-435-5-04286d2b990c47acab2309cd149fea7e.jpg"}}, {"model": "mini_fb.profile", "pk": 6, "fields": {"user": 2, "first_name": "Emma", "last_name": "Watson", "city": "London", "email_address": "emmaw@gmail.com", "profile_image_url": "https://upload.wikimedia.org/wikipedia/commons/7/7f/Emma_Watson_2013.jpg"}}, {"model": "mini_fb.statusmessage", "pk": 1, "fields": {"timestamp": "2001-12-19T01:38:26Z", "message": "The Lord of the Rings: The Fellowship of the Ring", "profile": 1}}, {"model": "mini_fb.statusmessage", "pk": 2, "fields": {"timestamp": "2022-07-29T01:39:31Z", "message": "Thirteen Lives", "profile": 1}}, {"model": "mini_fb.statusmessage", "pk": 3, "fields": {"timestamp": "2018-09-11T01:40:07Z", "message": "Green Book", "profile": 1}}, {"model": "mini_fb.statusmessage", "pk": 4, "fields": {"timestamp": "1993-06-11T01:40:36Z", "message": "Jurassic Park", "profile": 2}}, {"model": "mini_fb.statusmessage", "pk": 5, "fields": {"timestamp": "2022-06-10T01:41:07Z", "message": "Jurassic World Dominion", "profile": 2}}, {"model": "mini_fb.statusmessage", "pk": 6, "fields": {"timestamp": "2004-06-04T01:41:45Z", "message": "Harry Potter and the Prisoner of Azkaban", "profile": 3}}, {"model": "mini_fb.statusmessage", "pk": 7, "fields": {"timestamp": "2008-07-18T01:42:16Z", "message": "The Dark Knight", "profile": 3}}, {"model": "mini_fb.statusmessage", "pk": 8, "fields": {"timestamp": "2018-01-12T01:42:40Z", "message": "Darkest Hour", "profile": 3}}, {"model": "mini_fb.statusmessage", "pk": 9, "fields": {"timestamp": "2006-06-24T01:43:37Z", "message": "Pirates of the Caribbean: Dead Man's Chest", "profile": 4}}, {"model": "mini_fb.statusmessage", "pk": 10, "fields": {"timestamp": "2009-08-21T01:44:24Z", "message": "Inglourious Basterds", "profile": 5}}, {"model": "mini_fb.statusmessage", "pk": 11, "fields": {"timestamp": "2012-12-25T01:44:59Z", "message": "Django Unchained", "profile": 5}}, {"model": "mini_fb.statusmessage", "pk": 12, "fields": {"timestamp": "2017-03-17T02:34:30Z", "message": "Beauty and the Beast", "profile": 6}}, {"model": "mini_fb.statusmessage", "pk": 13, "fields": {"timestamp": "2019-12-15T09:00:30Z", "message": "Little Women", "profile": 6}}, {"model": "mini_fb.statusmessage", "pk": 14, "fields": {"timestamp": "2003-11-06T19:10:10Z", "message": "Love Actually", "profile": 4}}, {"model": "mini_fb.statusmessage", "pk": 24, "fields": {"timestamp": "2002-12-18T12:00:00Z", "message": "The Two Towerss", "profile": 1}}, {"model": "mini_fb.image", "pk": 1, "fields": {"img_file": "django_unchained.jpg", "timestamp": "2024-10-23T19:38:24.022Z", "status": 11}}, {"model": "mini_fb.image", "pk": 2, "fields": {"img_file": "inglourious_basterds.jpg", "timestamp": "2024-10-23T19:38:36.574Z", "status": 10}}, {"model": "mini_fb.image", "pk": 3, "fields": {"img_file": "the_dark_knight.jpg", "timestamp": "2024-10-23T19:38:55.297Z", "status": 7}}, {"model": "mini_fb.image", "pk": 26, "fields": {"img_file": "Angmar.jpg", "timestamp": "2024-10-23T23:34:09.178Z", "status": 24}}, {"model": "mini_fb.image", "pk": 27, "fields": {"img_file": "Gladriel.jpg", "timestamp": "2024-10-23T23:34:09.188Z", "status": 24}}, {"model": "mini_fb.image", "pk": 28, "fields": {"img_file": "Legolas.jpg", "timestamp": "2024-10-23T23:34:09.194Z", "status": 24}}, {"model": "mini_fb.friend", "pk": 1, "fields": {"profile1": 2, "profile2": 5, "timestamp": "2024-10-28T19:51:20.394Z"}}, {"model": "mini_fb.friend", "pk": 2, "fields": {"profile1": 3, "profile2": 6, "timestamp": "2024-10-28T19:51:34.663Z"}}, {"model": "mini_fb.friend", "pk": 3, "fields": {"profile1": 1, "profile2": 2, "timestamp": "2024-10-29T00:26:06.196Z"}}, {"model": "mini_fb.friend", "pk": 4, "fields": {"profile1": 3, "profile2": 1, "timestamp": "2024-10-29T00:41:22.237Z"}}, {"model": "mini_fb.friend", "pk": 5, "fields": {"profile1": 3, "profile2": 4, "timestamp": "2024-10-29T00:46:29.993Z"}}, {"model": "mini_fb.friend", "pk": 6, "fields": {"profile1": 5, "profile2": 4, "timestamp": "2024-10-29T01:41:12.186Z"}}, {"model": "movie_rec.user", "pk": 1, "fields": {"first_name": "Liren", "last_name": "Ding", "address": "China", "email": "dliren@126.com", "profile_picture": "DingLiren.jpeg", "adminuser": 2}}, {"model": "movie_rec.user", "pk": 2, "fields": {"first_name": "Magnus", "last_name": "Carlsen", "address": "Norway", "email": "mcarlsen@gmail.com", "profile_picture": "MagnusCarlsen.jpeg", "adminuser": 2}}, {"model": "movie_rec.user", "pk": 3, "fields": {"first_name": "Hikaru", "last_name": "Nakamura", "address": "Saint Louis", "email": "gmHikaru@gmail.com", "profile_picture": "Hikaru.jpeg", "adminuser": 2}}, {"model": "movie_rec.movie", "pk": 1, "fields": {"title": "Oppenheimer", "length": 3.0, "director": "Christopher Nolan", "image": "oppenheimer.jpeg", "starring": "Cillian Murphy, Emily Blunt, Matt Damon, Robert Downey Jr., Jason Clarke"}}, {"model": "movie_rec.movie", "pk": 2, "fields": {"title": "The Dark Knight", "length": 2.32, "director": "Christopher Nolan", "image": "the_dark_knight.jpeg", "starring": "Christian Bale, Heath Ledger, Aaron Eckhard, Maggie Gyllenhaal, Michael Caine, Gary Oldman, Morgan Freeman"}}, {"model": "movie_rec.movie", "pk": 3, "fields": {"title": "Blade Runner 2049", "length": 2.43, "director": "Denis Villenueve", "image": "blade_runner_2049.jpeg", "starring": "Ryan Gosling, Harrison Ford, Ana de Armas, Dave Bautista"}}, {"model": "movie_rec.movie", "pk": 4, "fields": {"title": "The Hateful Eight", "length": 2.55, "director": "Quentin Tarantino", "image": "the_hateful_eight.jpeg", "starring": "Samuel L. Jackson, Kurt Russell, Tim Roth"}}, {"model": "movie_rec.movie", "pk": 5, "fields": {"title": "The Irishman", "length": 3.29, "director": "Martin Scorsese", "image": "the_irishman.jpeg", "starring": "Robert De Niro, Al Pacino, Joe Pesci"}}, {"model": "movie_rec.movie", "pk": 6, "fields": {"title": "Jojo Rabit", "length": 1.48, "director": "Taika Waititi", "image": "jojo_rabbit.jpeg", "starring": "Taika Waititi, Sam Rockwell, Scarlett Johansson, Thomasin McKenzie, Roman Griffin Davis"}}, {"model": "movie_rec.movie", "pk": 7, "fields": {"title": "Prometheus", "length": 2.04, "director": "Ridley Scott", "image": "prometheus.jpeg", "starring": "Michael Fassbender, Guy Pearce, Sean Harris, Idris Elba, Noomi Rapace"}}, {"model": "movie_rec.movie", "pk": 8, "fields": {"title": "Avatar", "length": 2.42, "director": "James Cameron", "image": "avatar.jpeg", "starring": "Sigourney Weaver, Sam Worthington, Stephen Lang"}}, {"model": "movie_rec.movie", "pk": 9, "fields": {"title": "No Country for Old Men", "length": 2.02, "director": "Ethan Coen, Joel Coen", "image": "no_country.jpeg", "starring": "Tommy Lee Jones, Javier Bardem, Josh Brolin, Woody Harrelson"}}, {"model": "movie_rec.movie", "pk": 10, "fields": {"title": "Joker", "length": 2.02, "director": "Todd Phillips", "image": "joker.jpeg", "starring": "Joaquin Pheonix, Robert De Niro, Zazie Beetz"}}, {"model": "movie_rec.movie", "pk": 11, "fields": {"title": "Schindler's List", "length": 3.15, "director": "Steven Spielberg", "image": "schindlers_list.jpeg", "starring": "Liam Neeson, Ralph Fiennes, Ben Kingsley"}}, {"model": "movie_rec.movie", "pk": 12, "fields": {"title": "Kindom of Heaven", "length": 2.24, "director": "Ridley Scott", "image": "kindom_of_heaven.jpeg", "starring": "Orlando Bloom, Eva Green, Liam Neeson, Edward Norton, Alexander Siddig, Ghassan Massoud"}}, {"model": "movie_rec.movie", "pk": 13, "fields": {"title": "Three Billboards Outside Ebbing, Missouri", "length": 1.55, "director": "Martin McDonagh", "image": "three_billboards.jpeg", "starring": "Frances McDormand, Woody Harrelson, Sam Rockwell"}}, {"model": "movie_rec.movie", "pk": 14, "fields": {"title": "The Revenant", "length": 2.36, "director": "Alejandro G. Iñárritu", "image": "the_revenant.jpeg", "starring": "Leonardo DiCaprio, Tom Hardy, Will Poulter, Domhnall Gleeson, Paul Anderson"}}, {"model": "movie_rec.movie", "pk": 15, "fields": {"title": "There will be Blood", "length": 2.38, "director": "Paul Thomas Anderson", "image": "there_will_be_blood.jpeg", "starring": "Daniel Day-Lewis, Paul Dano, Ciarán Hinds"}}, {"model": "movie_rec.movie", "pk": 16, "fields": {"title": "Pacific Rim", "length": 2.11, "director": "Guillermo Del Toro", "image": "pacific_rim.jpeg", "starring": "Charlie Hunnam, Rinko Kikuchi, Idris Elba, Charlie Day, Burn Gorman"}}, {"model": "movie_rec.movie", "pk": 17, "fields": {"title": "The Pursuit of Happyness", "length": 1.57, "director": "Gabriele Muccino", "image": "the_pursuit_of_happyness.jpeg", "starring": "Will Smith"}}, {"model": "movie_rec.movie", "pk": 18, "fields": {"title": "Hacksaw Ridge", "length": 2.19, "director": "Mel Gibson", "image": "hacksaw_ridge.jpeg", "starring": "Andrew Garfield, Sam Worthington, Teresa Palmer, Vince Vaughn"}}, {"model": "movie_rec.movie", "pk": 19, "fields": {"title": "Top Gun: Maverick", "length": 2.1, "director": "Joseph Kosinski", "image": "top_gun_maverick.jpeg", "starring": "Tom Cruise, Jennifer Connelly, Miles Teller, Val Kilmer, Jon Hamm"}}, {"model": "movie_rec.movie", "pk": 20, "fields": {"title": "1917", "length": 1.59, "director": "Sam Mendes", "image": "1917.jpeg", "starring": "Dean-Charles Chapman, George MacKay, Colin Firth, Mark Strong"}}, {"model": "movie_rec.movie", "pk": 21, "fields": {"title": "The Imitation Game", "length": 1.54, "director": "Morten Tyldum", "image": "imitation_game.jpeg", "starring": "Benedict Cumberbatch, Keira Knightley"}}, {"model": "movie_rec.movie", "pk": 22, "fields": {"title": "Gravity", "length": 1.31, "director": "Alfonso Cuarón", "image": "gravity.jpeg", "starring": "Sandra Bullock, George Clooney, Ed Harris"}}, {"model": "movie_rec.movie", "pk": 23, "fields": {"title": "Whiplash", "length": 1.46, "director": "Damien Chazelle", "image": "whiplash.jpeg", "starring": "J.K. Simmons, Miles Teller, Melisa Benoist"}}, {"model": "movie_rec.movie", "pk": 24, "fields": {"title": "The Sixth Sense", "length": 1.47, "director": "M. Night Shyamalan", "image": "the_sixth_sense.jpeg", "starring": "Bruce Willis, Haley Joel Osment, Toni Collette"}}, {"model": "movie_rec.movie", "pk": 25, "fields": {"title": "District 9", "length": 1.52, "director": "Neill Blomkamp", "image": "district_9.jpeg", "starring": "Sharlto Copley"}}, {"model": "movie_rec.movie", "pk": 26, "fields": {"title": "A Beautiful Mind", "length": 2.15, "director": "Ron Howard", "image": "a_beautiful_mind.jpeg", "starring": "Russel Crowe, Ed Harris, Jennifer Connelly"}}, {"model": "movie_rec.movie", "pk": 27, "fields": {"title": "Byeon-ho-in (The Attorney)", "length": 2.07, "director": "Woo-seok Yang", "image": "the_attorney.jpeg", "starring": "Song Kang-ho, Kwak Do-won, Oh Dal-su, Kim Young Ae, Si-Wan Yim"}}, {"model": "movie_rec.movie", "pk": 28, "fields": {"title": "Taeksi woonjunsa (A Taxi Driver)", "length": 2.17, "director": "Hun Jang", "image": "a_taxi_driver.jpeg", "starring": "Song Kang-ho, Thomas Kretschmann"}}, {"model": "movie_rec.movie", "pk": 29, "fields": {"title": "Gisaengchung (Parasite)", "length": 2.12, "director": "Bong Joon Ho", "image": "parasite.jpeg", "starring": "Song Kang-ho, Lee Sun-kyun, Cho Yeo-jeong"}}, {"model": "movie_rec.movie", "pk": 30, "fields": {"title": "千と千尋の神隠し(Spirited Away)", "length": 2.04, "director": "宮崎駿", "image": "spirited_away.jpeg", "starring": ""}}, {"model": "movie_rec.movie_list", "pk": 1, "fields": {"owner": 1, "movie": 30, "rating": "9.5", "review": ""}}, {"model": "movie_rec.movie_list", "pk": 2, "fields": {"owner": 1, "movie": 1, "rating": "9.0", "review": ""}}, {"model": "movie_rec.movie_list", "pk": 3, "fields": {"owner": 3, "movie": 19, "rating": "9.2", "review": ""}}, {"model": "movie_rec.movie_list", "pk": 4, "fields": {"owner": 3, "movie": 10, "rating": "8.0", "review": ""}}, {"model": "movie_rec.movie_list", "pk": 5, "fields": {"owner": 3, "movie": 29, "rating": "9.8", "review": ""}}, {"model": "movie_rec.movie_list", "pk": 6, "fields": {"owner": 2, "movie": 1, "rating": "10.0", "review": ""}}, {"model": "movie_rec.movie_list", "pk": 7, "fields": {"owner": 2, "movie": 8, "rating": "10.0", "review": ""}}, {"model": "movie_rec.movie_list", "pk": 8, "fields": {"owner": 2, "movie": 5, "rating": "6.5", "review": ""}}, {"model": "movie_rec.movie_list", "pk": 9, "fields": {"owner": 1, "movie": 29, "rating": "9.8", "review": ""}}]